id;name;description;file;file_content_type;active;order_index
1;meh intently considering;mortise aside apropos;../fake-data/blob/hipster.png;image/png;true;8449
2;aw;vacation;../fake-data/blob/hipster.png;image/png;false;3068
3;around mainstream;grandson interestingly;../fake-data/blob/hipster.png;image/png;true;21690
4;now ugh;yuck weakly provided;../fake-data/blob/hipster.png;image/png;false;20625
5;tarragon tender ironclad;oof though bitterly;../fake-data/blob/hipster.png;image/png;false;28622
6;shanghai boo utterly;until ha;../fake-data/blob/hipster.png;image/png;true;4068
7;CD athwart;zen huzzah;../fake-data/blob/hipster.png;image/png;false;31200
8;without hungry;lobotomise incomplete;../fake-data/blob/hipster.png;image/png;false;30050
9;cassava victoriously;cross overstay until;../fake-data/blob/hipster.png;image/png;false;19251
10;knavishly why uselessly;woot concerned convalesce;../fake-data/blob/hipster.png;image/png;true;11096
